PropertyName,ImageURL
Smartworld One DXP,https://newprojects.99acres.com/projects/projectHighlightStory/j3loxhl_1766085720_687863245_large.jpg
M3M Crown,https://newprojects.99acres.com/projects/projectHighlightStory/awsyfcw_1755231849_633450003_large.jpg
Adani Brahma Samsara Vilasa,https://newprojects.99acres.com/projects/projectHighlightStory/mottete_1755061250_632324329_large.jpg
Sobha City,https://newprojects.99acres.com/projects/projectHighlightStory/h6ax3sn_1764252032_678697457_large.jpg
Signature Global City 93,https://newprojects.99acres.com/projects/projectHighlightStory/ubwyujw_1755232216_633451831_large.jpg
Whiteland The Aspen,https://newprojects.99acres.com/projects/projectHighlightStory/llljhzx_1766929091_691780935_large.jpg
Bestech Altura,https://newprojects.99acres.com/projects/projectHighlightStory/rt1bvqf_1764175221_678249329_large.jpg
Elan The Presidential,https://newprojects.99acres.com/projects/projectHighlightStory/sdslfi5_1764165006_678202797_large.jpg
Signature Global City 92,https://newprojects.99acres.com/projects/projectHighlightStory/epkwbbx_1766171840_688350521_large.jpg
Emaar Digihomes,https://newprojects.99acres.com/projects/projectHighlightStory/jfzauo6_1755331893_633976693_large.jpg
Signature Global City 79B,https://newprojects.99acres.com/projects/signatureglobal_india_limited/signature_global_city_79/urrzs80h.png
DLF The Arbour,https://newprojects.99acres.com/projects/projectHighlightStory/zrp1u7h_1755231851_633450009_large.jpg
M3M Antalya Hills,https://newprojects.99acres.com/projects/projectHighlightStory/vthe7bw_1766698210_690682921_large.jpg
Signature Global City 81,https://newprojects.99acres.com/projects/signature_global/signature_global_city_81/7dfzfpan.png
SS Linden Floors,https://newprojects.99acres.com/projects/projectHighlightStory/yuwrejx_1763992543_677300939_large.jpg
Mahindra Luminare,https://newprojects.99acres.com/projects/projectHighlightStory/wxngawq_1755125458_632845311_large.jpg
M3M Golf Hills,https://newprojects.99acres.com/projects/projectHighlightStory/jjf6irg_1755232926_633455279_large.jpg
Suncity Vatsal Valley,https://newprojects.99acres.com/projects/adani_realty/adani_lushlands_i/images/xu202vb_1763446545_674312729_large.jpg
Whiteland Blissville,https://newprojects.99acres.com/projects/projectHighlightStory/tu6ajps_1766700588_690686465_large.jpg
Trump Tower,https://newprojects.99acres.com/projects/projectHighlightStory/cufnloh_1755144932_632895841_large.jpg
Tulip Monsella,https://newprojects.99acres.com/projects/projectHighlightStory/tfgpslp_1755207992_633375129_large.jpg
Krisumi Waterfall Residences,https://newprojects.99acres.com/projects/projectHighlightStory/nmac9me_1755070941_632431501_large.jpg
M3M Capital,https://newprojects.99acres.com/projects/projectHighlightStory/0apyfuw_1755198121_633348021_large.jpg
Godrej Meridien,https://newprojects.99acres.com/projects/projectHighlightStory/xnhsopp_1764337318_679206299_large.jpg
La Vida by Tata Housing,https://newprojects.99acres.com/projects/projectHighlightStory/ux221wh_1764251836_678696383_large.jpg
Birla Navya,https://newprojects.99acres.com/projects/projectHighlightStory/uqcl4zo_1766496819_689851413_large.jpg
Signature Global City,https://newprojects.99acres.com/projects/projectHighlightStory/saqjws0_1760396253_660259819_large.jpg
Godrej 101,https://newprojects.99acres.com/projects/projectHighlightStory/ddudkzo_1764165251_678205397_large.jpg
M3M Soulitude,https://newprojects.99acres.com/projects/projectHighlightStory/2gt0ill_1767391344_693732349_large.jpg
BPTP Terra,https://newprojects.99acres.com/projects/projectHighlightStory/klzvkn9_1766949094_691842711_large.jpg
M3M Skycity,https://newprojects.99acres.com/projects/projectHighlightStory/pro3d0f_1765974993_687272043_large.jpg
MRG The Crown,https://newprojects.99acres.com/projects/projectHighlightStory/v5y3td2_1755233238_633456709_large.jpg
Godrej Nature Plus Serenity,https://newprojects.99acres.com/projects/projectHighlightStory/safjrcm_1763733080_676108153_large.jpg
SS The Leaf,https://newprojects.99acres.com/projects/projectHighlightStory/hpoav6m_1764181918_678267187_large.jpg
Eldeco Acclaim,https://newprojects.99acres.com/projects/eldeco_group_india/eldeco_acclaim/jtrjt9cn.jpg
Emaar Gurgaon Greens,https://newprojects.99acres.com/projects/projectHighlightStory/lmxjkek_1755114972_632820993_large.jpg
Oxirich Chintamanis,https://newprojects.99acres.com/projects/oxirich_group/oxirich_chintamanis/z0n48l90.png
DLF Garden City Floors,https://newprojects.99acres.com/projects/projectHighlightStory/qbz2zoo_1765548148_685338083_large.jpg
Anant Raj Estates,https://newprojects.99acres.com/projects/tarc/tarc_ishva/images/o0ix77o_1752148232_617532197_large.jpg
Tulip Yellow,https://newprojects.99acres.com/projects/projectHighlightStory/jgbcwpo_1755359184_634213631_large.jpg
BPTP Amstoria,https://newprojects.99acres.com/projects/projectHighlightStory/gjph5bc_1761424349_663994033_large.jpg
Emaar Emerald Hills,https://newprojects.99acres.com/projects/emaar_mgf_developers_/emaar_emarald_hills/rhfb2ssy.jpg
M3M Golfestate,https://newprojects.99acres.com/projects/projectHighlightStory/tkv8tal_1761939597_666663073_large.jpg
ATS Triumph,https://newprojects.99acres.com/projects/projectHighlightStory/mkc9os4_1764272336_678766069_large.jpg
ATS Marigold,https://newprojects.99acres.com/projects/projectHighlightStory/gryyzsr_1766173773_688354835_large.jpg
Signature Global City 37D Ph 2,https://newprojects.99acres.com/projects/signature_global/signature_global_city_37d_2/sczyvxa4.png
DLF Alameda,https://newprojects.99acres.com/projects/projectHighlightStory/fc4uuwr_1764165067_678203353_large.jpg
Experion Windchants,https://newprojects.99acres.com/projects/projectHighlightStory/uleco2s_1764160901_678167573_large.jpg
Saan Verdante,https://newprojects.99acres.com/projects/projectHighlightStory/utvbjya_1767361648_693657425_large.jpg
4S Aradhya Homes,https://newprojects.99acres.com/projects/ireo/ireonew_project/images/einguqu_1740743361_573537407_large.jpg
Yash Vihar,https://newprojects.99acres.com/projects/ksd_buildtech/yash_vihar/62my8qdw.jpg
Smart World Orchard,https://newprojects.99acres.com/projects/projectHighlightStory/43oospj_1764164956_678202245_large.jpg
DLF The Camellias,https://newprojects.99acres.com/projects/projectHighlightStory/64xkti6_1761735082_665434033_large.jpg
Birla Navya Avik,https://newprojects.99acres.com/projects/projectHighlightStory/npesbur_1762952846_671913621_large.jpg
Adani Samsara Avasa,https://newprojects.99acres.com/projects/projectHighlightStory/ybb1wxg_1766948292_691840681_large.jpg
DLF The Crest,https://newprojects.99acres.com/projects/projectHighlightStory/ky1qfhp_1766083781_687859569_large.jpg
DLF The Magnolias,https://newprojects.99acres.com/projects/projectHighlightStory/ckdxu8g_1760397413_660262033_large.jpg
DLF The Aralias,https://newprojects.99acres.com/projects/projectHighlightStory/s45jpup_1764160373_678162409_large.jpg
Ansal API Esencia,https://newprojects.99acres.com/projects/ansal_api/ansals_esencia/project_logo.jpg
Pioneer Araya,https://newprojects.99acres.com/projects/projectHighlightStory/8cie4qg_1761730453_665372403_large.jpg
M3M Merlin,https://newprojects.99acres.com/projects/projectHighlightStory/xjwwv0l_1760483738_660678633_large.jpg
Smart World Gems,https://newprojects.99acres.com/projects/projectHighlightStory/chuhxjt_1766171115_688348441_large.jpg
Vatika Aspiration,https://newprojects.99acres.com/projects/vatika/urban_expression/images/e4txayls_large.jpg
Ace Palm Floors,https://newprojects.99acres.com/projects/smart_world/smart_world_city_of_dreams/images/socyi6t_1753344468_622826895_large.jpg
DLF Gardencity Enclave,https://newprojects.99acres.com/projects/projectHighlightStory/s6xqjbt_1755210433_633384031_large.jpg
Emaar Palm Heights,https://newprojects.99acres.com/projects/projectHighlightStory/tgrx1pp_1755359608_634215619_large.jpg
Signature Global Park,https://newprojects.99acres.com/projects/projectHighlightStory/sl2ulxp_1763059823_672490841_large.jpg
Emaar MGF Marbella,https://newprojects.99acres.com/projects/projectHighlightStory/ccdi1gf_1764160501_678163559_large.jpg
Rishali Luxe Residency 112,
Puri The Aravallis,https://newprojects.99acres.com/projects/projectHighlightStory/l4trtlj_1764165163_678204431_large.jpg
International City by SOBHA Phase 2,https://newprojects.99acres.com/projects/sobha_developers/sobha_international_city_/images/uj7gcxl_1740638841_573050439_large.jpg
Emaar MGF The Palm Drive,https://newprojects.99acres.com/projects/projectHighlightStory/9p1vdyb_1761913910_666543065_large.jpg
BPTP Green Oaks,https://newprojects.99acres.com/projects/projectHighlightStory/gni2hna_1755190742_633322765_large.jpg
Puri Emerald Bay,https://newprojects.99acres.com/projects/projectHighlightStory/acbqybo_1755120617_632830553_large.jpg
Ireo Victory Valley,https://newprojects.99acres.com/projects/projectHighlightStory/vl5pvn8_1761264005_663272005_large.jpg
DLF Gardencity,https://newprojects.99acres.com/projects/projectHighlightStory/vz4pkpv_1763677737_675677671_large.jpg
Tata Primanti,https://newprojects.99acres.com/projects/projectHighlightStory/cma08vf_1763484139_674651225_large.jpg
DLF Park Place,https://newprojects.99acres.com/projects/projectHighlightStory/w05vfnp_1755114251_632818345_large.jpg
Central Park Flower Valley,https://newprojects.99acres.com/projects/projectHighlightStory/r2rue9r_1764164757_678199945_large.jpg
Ireo Skyon,https://newprojects.99acres.com/projects/projectHighlightStory/qv7qrpf_1761240573_663238825_large.jpg
AIPL The Peaceful Homes,https://newprojects.99acres.com/projects/projectHighlightStory/omuibah_1755093953_632721951_large.jpg
Adani M2K Oyster Grande,https://newprojects.99acres.com/projects/adani_group_/adani_new_project_/l1qqua5_1746600819_593581669_O.jpg
G99,https://newprojects.99acres.com/projects/projectHighlightStory/r1hdvjc_1761849107_666137771_large.jpg
Emaar MGF Emerald Floors Premier,
ROF Insignia Park,https://newprojects.99acres.com/projects/rof_infratech_and_housing/rof_insignia_park/bwhoqmfb.jpg
DLF The Ultima,https://newprojects.99acres.com/projects/projectHighlightStory/jc7hnur_1761935426_666652103_large.jpg
Indiabulls Enigma,https://newprojects.99acres.com/projects/projectHighlightStory/aj4czgl_1767390910_693731745_large.jpg
Experion The Westerlies,https://newprojects.99acres.com/projects/projectHighlightStory/ep2t2qg_1766170641_688347265_large.jpg
Hero Homes,https://newprojects.99acres.com/projects/projectHighlightStory/lrqatxp_1755352906_634183611_large.jpg
Central Park Flower Valley Mikasa Plots,https://newprojects.99acres.com/projects/projectHighlightStory/43hwocy_1758216857_649277745_large.jpg
M3M Skywalk,https://newprojects.99acres.com/projects/m3m_india/m3m_skywalk/47cmxqq0.jpg
Ireo The Grand Arch,
JMS The Nation,https://newprojects.99acres.com/projects/jms_buildtech/jms_the_nation/ori13l1i.jpg
Imperia The Esfera,https://newprojects.99acres.com/projects/projectHighlightStory/h0ofbay_1755114904_632820743_large.jpg
Ramprastha Primera,https://newprojects.99acres.com/projects/projectHighlightStory/vrbrie9_1764174769_678247715_large.jpg
Experion The Heartsong,https://newprojects.99acres.com/projects/projectHighlightStory/eraqh2s_1755120752_632831047_large.jpg
DLF New Town Heights 2,https://newprojects.99acres.com/projects/projectHighlightStory/wsvjxuz_1755122475_632836377_large.jpg
DLF The Primus,https://newprojects.99acres.com/projects/projectHighlightStory/v16ttj2_1760397374_660261947_large.jpg
DLF The Skycourt,https://newprojects.99acres.com/projects/projectHighlightStory/sy74xlb_1760474192_660669261_large.jpg
Central Park Resorts,https://newprojects.99acres.com/projects/projectHighlightStory/2esuelu_1761518954_664308111_large.jpg
Suncity Avenue 76,https://newprojects.99acres.com/projects/suncity_projects/suncity_avenue_76/x19e3cuz.jpg
International City by Sobha Phase 1,https://newprojects.99acres.com/projects/projectHighlightStory/bogplum_1761596887_664711849_large.jpg
Ambience Creacions,https://newprojects.99acres.com/projects/projectHighlightStory/ect8va5_1755105261_632783355_large.jpg
Vatika Xpressions,https://newprojects.99acres.com/projects/projectHighlightStory/qfwxxs0_1761850917_666143643_large.jpg
M3M Sierra 68,https://newprojects.99acres.com/projects/projectHighlightStory/i6iwvzy_1763484040_674650879_large.jpg
Anand Niketan,https://newprojects.99acres.com/projects/ns_buildtech_pvt_ltd/anand_niketan/vkl0abow.jpg
DLF The Belaire,https://newprojects.99acres.com/projects/projectHighlightStory/lj5z87i_1761939597_666663071_large.jpg
Godrej Aria,https://newprojects.99acres.com/projects/projectHighlightStory/anbkris_1764941706_682308551_large.jpg
Ansals Shiva Som Valley,https://newprojects.99acres.com/projects/lion_infra_developers/lion_green_valley/images/4ddbqmn0_large.jpg
Vipul World,https://newprojects.99acres.com/projects/projectHighlightStory/hf7fjsp_1764160681_678165159_large.jpg
Central Park Flower Valley Aqua Front Towers,https://newprojects.99acres.com/projects/projectHighlightStory/uy0syr2_1755136559_632871409_large.jpg
Tulip Violet,https://newprojects.99acres.com/projects/projectHighlightStory/2one4sf_1766871105_691537147_large.jpg
Eldeco Accolade,https://newprojects.99acres.com/projects/projectHighlightStory/sen9y4o_1764174797_678247787_large.jpg
M3M Natura,https://newprojects.99acres.com/projects/m3m_india/m3m_natura/3lsojerx.jpg
Emaar Imperial Gardens,https://newprojects.99acres.com/projects/projectHighlightStory/00kpolo_1766700146_690685669_large.jpg
Ireo City Plots,https://newprojects.99acres.com/projects/projectHighlightStory/saik2vs_1755103722_632775011_large.jpg
Parsvnath Exotica,https://newprojects.99acres.com/projects/projectHighlightStory/ewb72fq_1761253110_663260285_large.jpg
Pioneer Urban Presidia,https://newprojects.99acres.com/projects/projectHighlightStory/jfsc9kv_1755114292_632818511_large.jpg
Suncity Platinum Towers,https://newprojects.99acres.com/projects/suncity/suncity_platinum_towers/ccilf3bt.jpg
Godrej Nature Plus,https://newprojects.99acres.com/projects/projectHighlightStory/yjsbtwl_1755380723_634291287_large.jpg
Bestech Park View Grand Spa,https://newprojects.99acres.com/projects/projectHighlightStory/7y9gpmb_1763494455_674677479_large.jpg
Shree Vardhman Victoria,https://newprojects.99acres.com/projects/projectHighlightStory/0bkdqfo_1755089195_632671229_large.jpg
Silverglades The Melia,https://newprojects.99acres.com/projects/projectHighlightStory/pjtl1ou_1767027601_692226093_large.jpg
Shree Vardhman Flora,https://newprojects.99acres.com/projects/shree_vardhman_infrahomes_pvt_ltd/shree_vardhman_flora/logo.jpg
Vatika Seven Elements,https://newprojects.99acres.com/projects/projectHighlightStory/mtqiji2_1755412336_634413779_large.jpg
Bellavista Central Park Resorts,https://newprojects.99acres.com/projects/projectHighlightStory/btd6vo2_1766842137_691452703_large.jpg
M3M Heights,https://newprojects.99acres.com/projects/projectHighlightStory/xqwriof_1755142338_632883957_large.jpg
Godrej Habitat,https://newprojects.99acres.com/projects/projectHighlightStory/fehnutl_1763742521_676146667_large.jpg
Adani Brahma Samsara,https://newprojects.99acres.com/projects/adani_realty/adani_samsara/acodlx5y.jpg
DLF The Grove,https://newprojects.99acres.com/projects/projectHighlightStory/7kizahq_1755209352_633380183_large.jpg
Corona Optus,https://newprojects.99acres.com/projects/corona_group/corona_optus/capture.jpg
Central Park Flower Valley Flamingo Floors,https://newprojects.99acres.com/projects/projectHighlightStory/4vko7ro_1755136761_632872137_large.jpg
ROF Insignia Park 2,
Indiabulls Centrum Park,https://newprojects.99acres.com/projects/projectHighlightStory/fy2gstk_1764012189_677359503_large.jpg
BPTP Fortuna,https://newprojects.99acres.com/projects/bptp/bptp_fortuna/auc06zt6.png
Bestech Park View Spa Next,https://newprojects.99acres.com/projects/bestech_group/park_view_spa_next/logo.jpg
DLF The Pinnacle,https://newprojects.99acres.com/projects/dlf/the_pinnacle/logo.jpg
Godrej Oasis,https://newprojects.99acres.com/projects/godrej_properties/godrej_properties_new_launch/capture.jpg
Anant Raj Estate Plots,https://newprojects.99acres.com/projects/projectHighlightStory/w4u6u48_1760396362_660259955_large.jpg
Mapsko The Icon 79,https://newprojects.99acres.com/projects/mapsko_group/mapsko_the_icon_79/th8vwe36.png
DLF Regal Gardens,https://newprojects.99acres.com/projects/projectHighlightStory/jy3m1fh_1760559921_661089525_large.jpg
DLF The Icon,https://newprojects.99acres.com/projects/dlf/dlf_the_icon/7q5uumfv.jpg
Vatika Sovereign Park,
Vatika Sovereign Next,
Central Park Flower Valley The Room,https://newprojects.99acres.com/projects/sweta_estates/central_park_3_the_room/u4f4tdru.jpg
M3M Sky Lofts,https://newprojects.99acres.com/projects/m3m_india/m3m_sky_lofts/5a9rwhcp.jpg
Golden Park,https://newprojects.99acres.com/projects/meffier_infra/meffier_golden_park/djh8f8ng.jpg
Ireo Savannah,https://newprojects.99acres.com/projects/projectHighlightStory/flkamfl_1762864582_671398603_large.jpg
Satya Merano Greens,
ATS Kocoon,https://newprojects.99acres.com/projects/projectHighlightStory/uk2jbet_1755122557_632836607_large.jpg
Paras Quartier,https://newprojects.99acres.com/projects/projectHighlightStory/lfqqfsh_1761596926_664711893_large.jpg
Ashiana Amarah,https://newprojects.99acres.com/projects/projectHighlightStory/w4rga66_1766093778_687870819_large.jpg
JMS Prime Land,https://newprojects.99acres.com/projects/jms_reality/jms_prime_land/rmiggl0_1755866115_637284817_O.jpg
India Rashtra,https://newprojects.99acres.com/projects/projectHighlightStory/cuepmt9_1764011747_677358357_large.jpg
Vipul Tatvam Villa,https://newprojects.99acres.com/projects/vipul/tatvam-villa/logoedfv.jpg
Orris Woodview Residencies,https://newprojects.99acres.com/projects/smart_world/smart_world_city_of_dreams/images/socyi6t_1753344468_622826895_large.jpg
Emaar MGF Palm Hills,https://newprojects.99acres.com/projects/projectHighlightStory/6awir8a_1761935472_666652221_large.jpg
Vatika City,https://newprojects.99acres.com/projects/vatika/vatika_city/8vi28x8f.png
DLF New Town Heights 1,https://newprojects.99acres.com/projects/projectHighlightStory/mckwqqz_1764165020_678202923_large.jpg
Vatika Gurgaon 21,https://newprojects.99acres.com/projects/projectHighlightStory/unavvtx_1760396458_660260145_large.jpg
Signature The Roselia,
Vatika Independent Floors,
Adani Tatva Estates,https://newprojects.99acres.com/projects/adani_realty/adani_tatva_estate/52tc329m.png
Emaar Palm Gardens,https://newprojects.99acres.com/projects/projectHighlightStory/panusoh_1760120257_659087699_large.jpg
Pareena Mi Casa,https://newprojects.99acres.com/projects/projectHighlightStory/8lly3k8_1764160367_678162363_large.jpg
The Close North,https://newprojects.99acres.com/projects/projectHighlightStory/qt5b68r_1755121319_632832785_large.jpg
Emaar The Palm Springs,https://newprojects.99acres.com/projects/emaar_mgf/the_palm_springs/plogo.jpg
BPTP Park Serene,https://newprojects.99acres.com/projects/projectHighlightStory/qopevkw_1763732443_676100923_large.jpg
Orchid IVY Floors,https://newprojects.99acres.com/projects/orchid_infrastructure/orchid_ivy/qovmibrk.png
ILD Greens,https://newprojects.99acres.com/projects/projectHighlightStory/zivezds_1761762693_665613411_large.jpg
Godrej Icon,
Orris Aster Court Premier,https://newprojects.99acres.com/projects/orris_infrastructure/orris_aster_court_premier/om8mfgcd.png
M3M Latitude,https://newprojects.99acres.com/projects/projectHighlightStory/gaxrltk_1755125578_632845681_large.jpg
Emaar MGF Emerald Estate,https://newprojects.99acres.com/projects/projectHighlightStory/jh8r5qv_1764271742_678764633_large.jpg
Green Court,https://newprojects.99acres.com/projects/projectHighlightStory/lziabop_1766948541_691841413_large.jpg
TARC Maceo,https://newprojects.99acres.com/projects/projectHighlightStory/aytktyo_1761510665_664301079_large.jpg
Raheja Vanya,
Paras Ekam Homes,https://newprojects.99acres.com/projects/paras_group/paras_ekam_homes/100hs20r.jpg
Landmark The Homes 81,https://newprojects.99acres.com/projects/unknown/landmark_the_homes_81/s9c3f7x8.jpg
ROF Normanton Park,https://newprojects.99acres.com/projects/projectHighlightStory/jz4ywwl_1755199181_633352657_large.jpg
Corona Greens,https://newprojects.99acres.com/projects/projectHighlightStory/a0nws1h_1766863709_691529833_large.jpg
Umang Winter Hills,https://newprojects.99acres.com/projects/projectHighlightStory/vc9djpa_1761859893_666156789_large.jpg
Puri Diplomatic Greens,https://newprojects.99acres.com/projects/projectHighlightStory/4fr8w6d_1763484240_674651465_large.jpg
Silverglades Hightown Residences,
Pioneer Park,https://newprojects.99acres.com/projects/projectHighlightStory/xji5jj1_1763300443_673704499_large.jpg
Anant Raj Ashok Estate,https://newprojects.99acres.com/projects/ashok_estate/ashok_estate/t4cjpcbu.png
Paras Dews,https://newprojects.99acres.com/projects/paras_buildtech/paras_dews/logo1.jpg
Ireo The Corridors,https://newprojects.99acres.com/projects/projectHighlightStory/vubhvgl_1764182033_678269259_large.jpg
Assotech Blith,https://newprojects.99acres.com/projects/assotech_limited/assotech_blith/kwjpcxh_1690458857_436103994.jpg
Bestech Park View Sanskruti,https://newprojects.99acres.com/projects/projectHighlightStory/blt8dqc_1755115293_632822137_large.jpg
Signature Global the Millennia,https://newprojects.99acres.com/projects/signature_global/signature_global_the_millennia/0zir56of.jpg
Orchid Island,
Ramprastha The Edge Towers,
Pyramid Spring Valley,https://newprojects.99acres.com/projects/vibhor_home_developers/vibhor_spring_valley/q6cteq3p.jpg
Bestech Park View Ananda,https://newprojects.99acres.com/projects/bestech_group/bestech_parkview_ananda_/logo.gif
Mapsko Casa Bella,https://newprojects.99acres.com/projects/projectHighlightStory/qzttyg4_1763922632_676903877_large.jpg
Mahindra Aura,https://newprojects.99acres.com/projects/projectHighlightStory/0p0hvyj_1761597008_664712081_large.jpg
Godrej Air,
Conscient Habitat,https://newprojects.99acres.com/projects/pareena_infrastructure/pareena_coban_residences/images/ccwafgr_1747373621_596404983_large.jpg
Conscient Heritage Max,https://newprojects.99acres.com/projects/projectHighlightStory/cgl2yk9_1755115219_632821897_large.jpg
Vipul Belmonte,
Unitech The Residences,https://newprojects.99acres.com/projects/unitech/theresidences/logog.jpg
ILD Grand,https://newprojects.99acres.com/projects/projectHighlightStory/hwxwoml_1764160323_678161977_large.jpg
Signature Global Solera 2,https://newprojects.99acres.com/projects/signature_global/signature_global_solera_2/2ewpkkcy.jpg
Signature Global Solera,
M3M Woodshire,
Vatika India Next Plots,https://newprojects.99acres.com/projects/projectHighlightStory/sonjzz8_1755133074_632859775_large.jpg
MV Buildcon Precore City,https://newprojects.99acres.com/projects/mv_buildcon/precore_city/pro_logo.jpg
Lion Infra Green Valley,https://newprojects.99acres.com/projects/lion_infra_developers/lion_green_valley/n75i15ui.jpg
Orchid Petals,https://newprojects.99acres.com/projects/orchid_infrastructure_developers_pvt._ltd/orchid_petals/logo.jpg
BPTP Mansions Park Prime,https://newprojects.99acres.com/projects/bptp/BPTP_Mansions_Park_Prime/logo.jpg
Emaar MGF Palm Terraces,https://newprojects.99acres.com/projects/emaar/Emaar_Palm_Terraces/capture.jpg
Optimal ultra luxury builder floors,https://newprojects.99acres.com/projects/unitech_group/unitech_the_palms/images/8qnpgo0z_large.jpg
Salcon The Verandas,https://newprojects.99acres.com/projects/salcon/the_verandas/n3jvqz6v.jpg
BPTP Park Generations,https://newprojects.99acres.com/projects/projectHighlightStory/vcptq5c_1755114796_632820381_large.jpg
Zara Aavaas,https://newprojects.99acres.com/projects/zara_group/zara_aavaas/7gwt5s9a.jpg
Yashika 104,https://newprojects.99acres.com/projects/indis/yashika_homes_104/6yp6u2xk.png
Breez Global Heights 89,https://newprojects.99acres.com/projects/projectHighlightStory/rjggf6v_1760396577_660260423_large.jpg
Zara Rossa,https://newprojects.99acres.com/projects/experion_developers/experion_windchants/images/xcrgyml_1735655709_546936593_large.jpg
Alpha Corp GurgaonOne 84,https://newprojects.99acres.com/projects/projectHighlightStory/bcd4cxq_1760474345_660669517_large.jpg
Krrish Florence Estate,
Tulip Purple,https://newprojects.99acres.com/projects/projectHighlightStory/oryt8wx_1755124088_632841067_large.jpg
Tulip Ivory,https://newprojects.99acres.com/projects/projectHighlightStory/tb78fsj_1755099349_632750695_large.jpg
Shree Vardhman City,https://newprojects.99acres.com/projects/shree_vardhman_infrahomes_pvt_ltd/shree_vardhman_new_project/zsqxiku_1762954350_671924189_O.jpg
Signature Global Prime,https://newprojects.99acres.com/projects/tarc/tarc_ishva/images/o0ix77o_1752148232_617532197_large.jpg
Antriksh Heights,https://newprojects.99acres.com/projects/projectHighlightStory/cgeulce_1755114987_632821039_large.jpg
BPTP Pedestal,https://newprojects.99acres.com/projects/bptp/bptp_the_pedestal/9cqzcuob.jpg
Vatika Express City,https://newprojects.99acres.com/projects/rof/rof_pravasa/images/eusgpb7_1746267741_592489429_large.jpg
Pegasus Atulyam 83,https://newprojects.99acres.com/projects/pegasus_developers/pegasus_atulyam_83/qaw4cilz.jpg
DLF The Summit,https://newprojects.99acres.com/projects/dlf/the_summit/summit_proj_logo.jpg
The Close South,https://newprojects.99acres.com/projects/projectHighlightStory/vu0tu49_1764164797_678200501_large.jpg
Emaar Mgf Palm Terraces Select,https://newprojects.99acres.com/projects/emaar/Palm_Terraces_Select/logo.jpg
Unitech Fresco,
Unitech Escape,https://newprojects.99acres.com/projects/projectHighlightStory/qjy8umq_1763123827_672897277_large.jpg
Unitech Harmony,https://newprojects.99acres.com/projects/projectHighlightStory/cfnvwez_1764333079_679173713_large.jpg
Vatika The Seven Lamps,https://newprojects.99acres.com/projects/projectHighlightStory/mndvxhc_1763493446_674675101_large.jpg
BPTP Freedom Park Life,https://newprojects.99acres.com/projects/bptp/parklife/znfg5zry.jpg
DLF New Town Heights,
La Lagune,
M3M My Den,https://newprojects.99acres.com/projects/m3m_india/m3m_my_den/9qk936v8.jpg
Suncity Avenue 102,https://newprojects.99acres.com/projects/suncity_projects/suncity_avenue_102/qmv1512i.jpg
DLF Princeton Estate,https://newprojects.99acres.com/projects/projectHighlightStory/cflbfqo_1755121442_632833207_large.jpg
Pyramid Urban Homes 2,https://newprojects.99acres.com/projects/projectHighlightStory/utrqr44_1757855767_647116341_large.jpg
Satya The Hermitage,https://newprojects.99acres.com/projects/satya_group/the_hermitage/c9qxyt6x.png
BPTP Spacio,
SS The Coralwood,
